Field Name in EDT,IDOL Name (in IDX file),Name in MicroFocus export,CFU Suggested Name,Found in IDX data,Stored in EDT as,Importer Group,Field Description,Override conversion method
1st Disc Rev Complete,TAG_REG_INITIAL_COMPLETE_NUMERIC,1st Disc Rev Complete,1st Disc Rev Complete,,Boolean,Standard,ABC,Unknown
1st Disc Review Comments,TAG_REG_INITIAL_COMMENTS_MATCH,1st Disc Review Comments,1st Disc Review Comments,,Memo,Unknown,DEF,Unknown
1st Disc Reviewer,TAG_REG_INITIAL_REVIEWER_MATCH_PARAMETRIC,1st Disc Reviewer,1st Disc Reviewer,,Dropdown List,MS Office & PDF,GHI,Unknown
2nd Disc Rev Analysis,TAG_REG_SECOND_ANALYSIS_MATCH,2nd Disc Rev Analysis,2nd Disc Rev Analysis,,Dropdown List,MS Office & PDF,ABC,Unknown
2nd Disc Rev Comments,TAG_REG_SECOND_COMMENTS_MATCH,2nd Disc Rev Comments,2nd Disc Rev Comments,,Memo,MS Office & PDF,DEF,Unknown
2nd Disc Rev Complete,TAG_REG_SECOND_COMPLETE_NUMERIC,2nd Disc Rev Complete,2nd Disc Rev Complete,,Boolean,MS Office & PDF,GHI,Unknown
2nd Disc Reviewer,TAG_REG_SECOND_REVIEWER_MATCH_PARAMETRIC,2nd Disc Reviewer,2nd Disc Reviewer,,Dropdown List,MS Office & PDF,ABC,Unknown
Attachment Range Begin,SL_CONTROL_BEGIN_ATTACH_MATCH,Attachment Range Begin,Attachment Range Begin,,Text,MS Office & PDF,DEF,Unknown
Attachment Range End,SL_CONTROL_END_ATTACH_MATCH,Attachment Range End,Attachment Range End,,Text,Custom,GHI,Unknown
Has Attachments,HASATTACHMENTS,Attachments,Has Attachments,,undefined,Unknown,ABC,Unknown
Audio Call Counterparty,SL_AUDIO_COUNTERPARTY_MATCH,Audio Call Counterparty,Audio Call Counterparty,,Text,Custom,DEF,Unknown
Audio Call Direction,SL_AUDIO_CALLDIRECTION_MATCH,Audio Call Direction,Audio Call Direction,,Text,Custom,ABC,Unknown
Audio Called ID,SL_AUDIO_CALLED_ID_MATCH,Audio Called ID,Audio Called ID,,Text,Custom,DEF,Unknown
Audio Caller ID,SL_AUDIO_CALLER_ID_MATCH,Audio Caller ID,Audio Caller ID,,Text,Custom,GHI,Unknown
Audio Caller Name,SL_AUDIO_CALLER_NAME_MATCH,Audio Caller Name,Audio Caller Name,,Text,Custom,ABC,Unknown
Audio Custodian,SL_AUDIO_CUSTODIAN_PARAMETRIC,Audio Custodian,Audio Custodian,,Text,Custom,DEF,Unknown
Audio Duration,SL_AUDIO_DURATION_MATCH,Audio Duration,Audio Duration,,Text,Custom,GHI,Unknown
Audio End Time,SL_AUDIO_ENDTIME_NUMERICDATE,Audio End Time,Audio End Time,,undefined,Custom,ABC,Unknown
Audio Start Time,SL_AUDIO_STARTTIME_NUMERICDATE,Audio Start Time,Audio Start Time,,undefined,Custom,DEF,Unknown
EMS Document Author,AUTHOR,Author,EMS Document Author,,Text,Custom,GHI,Unknown
EMS Batch Number,TAG_BATCH_NUMBER_MATCH,Batch Number,EMS Batch Number,,Text,Standard ,ABC,Unknown
Bates End,SL_CONTROL_END_NUMBER_MATCH,Bates End,Bates End,,Text,Custom,DEF,Unknown
Bates Start,SL_CONTROL_BEGIN_NUMBER_MATCH,Bates Start,Bates Start,,Text,Custom,ABC,Unknown
Recipients-Bcc,BCC,BCC,Recipients-Bcc,,Text,Custom,DEF,Unknown
Date,BESTDATE_NUMERICDATE,Best Date,Date,,Date,Standard,GHI,Unknown
,TAG_BINDER_MATCH,Binder,,,Text,MS Office & PDF,ABC,Unknown
Bloomberg Identifier,SL_BLOOMBERG_IDENTIFIER_MATCH,Bloomberg Identifier,Bloomberg Identifier,,Text,Custom,DEF,Unknown
Bloomberg Room Name,SL_BLOOMBERG_ROOM_MATCH,Bloomberg Room Name,Bloomberg Room Name,,Text,Custom,GHI,Unknown
End Time,CALENDAR_ENDDATETIME_NUMERICDATE,Calendar/Meeting End Time,End Time,,undefined,Custom,ABC,Unknown
Start Time,CALENDAR_STARTDATETIME_NUMERICDATE,Calendar/Meeting Start Time,Start Time,,undefined,Custom,DEF,Unknown
Project Number,AUN_PROJECT_NUMERIC,Case Project ID,Project Number,,Text,Custom,GHI,Unknown
Recipients-Cc,CC,CC,Recipients-Cc,,Text,Custom,ABC,Unknown
CFU Notes,TAG_CFU_NOTES_MATCH,CFU Notes,CFU Notes,,Memo,Custom,DEF,Unknown
CFU Quarantine Date,TAG_CFU_QUARANTINE_DELETE_DATE_NUMERICDATE,CFU Quarantine Date,CFU Quarantine Date,,Date,Custom,ABC,Unknown
CFU Quarantine Reason,TAG_CFU_QUARANTINE_DELETE_REASON_MATCH,CFU Quarantine Reason,CFU Quarantine Reason,,Memo,MS Office & PDF,DEF,Unknown
CFU Release Date,TAG_CFU_QUARANTINE_RELEASE_DATE_NUMERICDATE,CFU Release Date,CFU Release Date,,Date,Custom,GHI,Unknown
CFU Release Reason,TAG_CFU_QUARANTINE_RELEASE_REASON_MATCH,CFU Release Reason,CFU Release Reason,,Memo,Custom,ABC,Unknown
Child Count,#DRECHILDCOUNT,Child Count,Child Count,,Text,Custom,DEF,Unknown
Investigation Comments,TAG_INV_COMMENTS_MATCH,Comments,Investigation Comments,,Memo,Custom,GHI,Unknown
Corrected Date,TAG_CORRECTEDDATE_NUMERICDATE,Corrected Date,Corrected Date,,Date,Custom,ABC,Unknown
Corrected Date Request,TAG_CDATEREQUEST_MATCH,Corrected Date Request,Corrected Date Request,,List (presented as radio button),Email,DEF,Unknown
EMS DocLibrary Custodian,AUN_VIRTUAL_CUSTODIAN,Custodian (All),EMS DocLibrary Custodian,,Dropdown List,Email,GHI,Unknown
EMS Custodian,AUN_CUSTODIAN,Custodian (Initial),EMS Custodian,,Dropdown List,Standard,ABC,Unknown
EMS DREDATE,#DREDATE,Date,EMS DREDATE,,undefined,Unknown,DEF,Unknown
Introspect Deleted Folder ID,INTROSPECT_DELETED,Deleted Items Folder ID,Introspect Deleted Folder ID,,Text,Custom,ABC,Unknown
Disc Redaction Applied,TAG_REG_REDACTION_APPLIED_NUMERIC,Disc Redaction Applied,Disc Redaction Applied,,Boolean,Standard,DEF,Unknown
Disc Redaction Approved,TAG_REG_REDACTION_APROVED_NUMERIC,Disc Redaction Approved?,Disc Redaction Approved,,Boolean,Standard,GHI,Unknown
Disclosure Determination,TAG_REG_DIS_DETERMINATION_MATCH_PARAMETRIC,Disclosure Determination,Disclosure Determination,,List (presented as radio button),Custom,ABC,Unknown
Disclosure Reason,TAG_REG_DIS_REASON_MATCH_PARAMETRIC,Disclosure Reason,Disclosure Reason,,Dropdown List,Custom,DEF,Unknown
Document Description,TAG_INV_REVISEDDOCDESCRIPTION_MATCH,Doc Description,Document Description,,Memo,Custom,GHI,Unknown
Custodian,SL_DOCUMENT_CUSTODIAN_PARAMETRIC,Document Custodian,Custodian,,Text,Custom,ABC,Unknown
Document Source,TAG_DOCUMENT_SOURCE_MATCH,Document Source,Document Source,,Text,Custom,DEF,Unknown
Document Source Type,SL_DOCUMENT_TYPE_MATCH,Document Type,Document Source Type,,Text,Custom,GHI,Unknown
Document Type Code,DOCUMENTTYPE,Document Type Code,Document Type Code,,undefined,Custom,ABC,Unknown
Domain (Recipient),RECIPIENT_DOMAIN,Domain (Recipient),Domain (Recipient),,Dropdown List,Email,DEF,Unknown
Domain (Sender),FROMDOMAIN,Domain (Sender),Domain (Sender),,Dropdown List,Email,ABC,Unknown
EMS Duplicate Document,TAG_DUPLICATE_NUMERIC,Duplicate,EMS Duplicate Document,,Boolean,Custom,DEF,Unknown
EMS Duplicate Of,TAG_DUPLICATEOF_MATCH,Duplicate Of,EMS Duplicate Of,,Text,Custom,GHI,Unknown
EDD Protected _ Deleted From Review,TAG_PROTECTED_ITEM_EDD_DELETE_NUMERIC,EDD - Protected - Deleted From Review,EDD Protected _ Deleted From Review,,Boolean,Custom,ABC,Unknown
EDD Protected Deleted from Review Requested by,TAG_PROTECTED_ITEM_EDD_REQUESTEDBY_MATCH,EDD - Protected - Deleted From Review Requested By,EDD Protected Deleted from Review Requested by,,MultiValueList,Custom,DEF,Unknown
Email Addresses (All),AUN_ADDRESS_MATCH_PARAMETRIC,Email Addresses (All),Email Addresses (All),,Dropdown List,Custom,GHI,Unknown
,EMAIL_DIRECTION_PARAMETRIC,Email Direction,,,Dropdown List,Custom,ABC,Unknown
Date Received,RECEIVED_NUMERICDATE,Email Received Date,Date Received,,undefined,Custom,DEF,Unknown
Date Sent,SENT_NUMERICDATE,Email Sent Date,Date Sent,,undefined,Custom,GHI,Unknown
Subject,SUBJECT,Email Subject,Subject,,Text,Custom,ABC,Unknown
BatesSearch,INTROSPECT_BATES,EMS Bates,BatesSearch,,undefined,Custom,DEF,Unknown
Evidence Status,TAG_EVIDENCE_STATUS_MATCH,Evidence Status,Evidence Status,,List (presented as radio button),Custom,ABC,Unknown
Family Count,#DREFAMILYCOUNT_NUMERIC,Family Count,Family Count,,Text,Custom,DEF,Unknown
FamilyDate,FAMILY_DATE_NUMERICDATE,Family Date,FamilyDate,,undefined,Standard,GHI,Unknown
EMS Family Sort,FAMILYSORT,Family Group,EMS Family Sort,,Text,Unknown,ABC,Unknown
EMS Family MD5,FAMILYMD5,Family MD5,EMS Family MD5,,undefined,EDT,DEF,Unknown
EMS Family Root,FAMILYROOT,Family Root,EMS Family Root,,undefined,Custom,GHI,Unknown
EMS Family Sender,FAMILYSENDER,Family Sender,EMS Family Sender,,Text,Standard,ABC,Unknown
EMS Family Subject,FAMILYSUBJECT,Family Subject,EMS Family Subject,,Text,Unknown,DEF,Unknown
File Extension,FILETYPE_PARAMETRIC,File Extension,File Extension,,Dropdown List,Unknown,GHI,Unknown
ImportMagicExtension,IMPORTMAGICEXTENSION,File Extension List,ImportMagicExtension,,undefined,Custom,ABC,Unknown
Original File Name,#DREORIGINALNAME,File Name,Original File Name,,Text,MS Office & PDF,DEF,Unknown
File Path,VIRTUALPATH_RELATIVE,File Path,File Path,,Text,Unknown,ABC,Unknown
SizeWithoutChildren,FILESIZE_NUMERIC,File size (bytes),SizeWithoutChildren,,Text,Custom,DEF,Unknown
File Tab Number,TAG_FILE_TAB_MATCH,File Tab Number,File Tab Number,,Text,Email,GHI,Unknown
Content Type,CONTENT-TYPE,File Type,Content Type,,Dropdown List,Custom,ABC,Unknown
IDOL Folder List,AUN_WORKBOOK_NUMERIC,Folder ID,IDOL Folder List,,No equivalent,Custom,DEF,Unknown
Author,FROM,From,Author,,Text,Custom,GHI,Unknown
Further Review Required,TAG_FURTHER_REVIEW_REQUIRED_NUMERIC,Further Review Required,Further Review Required,,Boolean,Custom,ABC,Unknown
EMS DocLibrary Group,AUN_VIRTUAL_GROUP,Group Name (All),EMS DocLibrary Group,,Dropdown List,Appointment,DEF,Unknown
EMS Group,AUN_GROUP,Group Name (Initial),EMS Group,,Dropdown List,Other,GHI,Unknown
EMS_Has Hidden Columns - Excel,HAS_HIDDEN_COLUMNS,Has Hidden Columns - Excel,EMS_Has Hidden Columns - Excel,,undefined,Custom,ABC,Unknown
EMS_Has Hidden Rows - Excel,HAS_HIDDEN_ROWS,Has Hidden Rows - Excel,EMS_Has Hidden Rows - Excel,,undefined,Standard,DEF,Unknown
EMS_Has Hidden Text - Excel,HAS_HIDDEN_TEXT,Has Hidden Text - Excel,EMS_Has Hidden Text - Excel,,undefined,EDT,ABC,Unknown
EMS_ Has Highlight,AUN_HIGHLIGHT_REDACTIONSET*,Has Highlight,EMS_ Has Highlight,,undefined,Unknown,DEF,Unknown
EMS_Has Redaction,AUN_TIFFREDACT_REDACTIONSET*,Has Redaction,EMS_Has Redaction,,undefined,Custom,GHI,Unknown
Has Searchable Text,HAS_TEXT,Has Searchable Text,Has Searchable Text,,Dropdown List,Custom,ABC,Unknown
Has TIFF Path,AUN_TIFFASSOCIATION,Has TIFF Path,Has TIFF Path,,Text,Custom,DEF,Unknown
EMS Has Track Changes,HAS_REVISIONS,Has Track Changes,EMS Has Track Changes,,undefined,Custom,GHI,Unknown
EMS Import Error Description,IMPORTERRORDESCRIPTION,Import Error Description,EMS Import Error Description,,Dropdown List,Unknown,ABC,Unknown
Int Date Created,CREATE_DTM_NUMERICDATE,Int Date Created,Int Date Created,,undefined,Custom,DEF,Unknown
Int Last Printed,LAST_PRINTED_NUMERICDATE,Int Last Printed,Int Last Printed,,undefined,Unknown,GHI,Unknown
Int Last Saved,LASTSAVE_DTM_NUMERICDATE,Int Last Saved,Int Last Saved,,undefined,Custom,ABC,Unknown
Inv 1st Rev Complete,TAG_INV_INITIAL_COMPLETE_NUMERIC,Inv 1st Rev Complete,Inv 1st Rev Complete,,Boolean,Custom,DEF,Unknown
Inv 2nd Rev Comments,TAG_INV_SECOND_COMMENTS_MATCH,Inv 2nd Rev Comments,Inv 2nd Rev Comments,,Memo,Custom,ABC,Unknown
Inv 2nd Rev Complete,TAG_INV_SECOND_COMPLETE_NUMERIC,Inv 2nd Review Complete,Inv 2nd Rev Complete,,Boolean,Custom,DEF,Unknown
Inv 2nd Reviewer,TAG_INV_SECOND_REVIEWER_MATCH_PARAMETRIC,Inv 2nd Reviewer,Inv 2nd Reviewer,,Dropdown List,Custom,GHI,Unknown
Inv 1st Reviewer,TAG_INV_REVIEWEDBY_MATCH_PARAMETRIC,Inv 1st Reviewer,Inv 1st Reviewer,,Dropdown List,Custom,ABC,Unknown
Investigation Determination,TAG_INV_DETERMINATION_MATCH_PARAMETRIC,Investigation Determination,Investigation Determination,,List (presented as radio button),Standard,DEF,Unknown
Issues,TAG_ISSUES_MATCH_PARAMETRIC,Issues,Issues,,MultiValueList,System,GHI,Unknown
Key Document,TAG_KEY_DOCUMENT_NUMERIC,Key Document,Key Document,,Boolean,Custom,ABC,Unknown
Primary Language,AUTN_LANGUAGE,Language,Primary Language,,Dropdown List,Custom,DEF,Unknown
Legal Rev Comments,TAG_REG_LEGAL_COMMENTS_MATCH,Legal Rev Comments,Legal Rev Comments,,Memo,Custom,GHI,Unknown
Legal Rev Complete,TAG_REG_LEGAL_COMPLETE_NUMERIC,Legal Rev Complete,Legal Rev Complete,,Boolean,Custom,ABC,Unknown
Legal Rev Date,TAG_REG_LEGALREV_NUMERICDATE,Legal Rev Date,Legal Rev Date,,Date,Custom,DEF,Unknown
Legal Rev Decision,TAG_REG_LEGAL_DECISION_MATCH,Legal Rev Decision,Legal Rev Decision,,Dropdown List,Custom,ABC,Unknown
Legal Reviewer,TAG_REG_LEGALREVIEWER_MATCH_PARAMETRIC,Legal Reviewer,Legal Reviewer,,Dropdown List,Custom,DEF,Unknown
LIVELINK_ID_MATCH,LIVELINK_ID_MATCH,Livelink ID,LIVELINK_ID_MATCH,,Text,Custom,GHI,Unknown
LIVELINK_LOCATION_MATCH,LIVELINK_LOCATION_MATCH,Livelink Location,LIVELINK_LOCATION_MATCH,,Text,Email,ABC,Unknown
LPP or Protected Item reviewed,TAG_PROTECTED_ITEM_REVIEWED_NUMERIC,LPP or Protected Item - reviewed,LPP or Protected Item reviewed,,Boolean,Email,DEF,Unknown
LPP or Protected Item Comments,TAG_PROTECTED_ITEM_COMMENTS_MATCH,LPP or Protected Item Comments,LPP or Protected Item Comments,,Memo,Custom,GHI,Unknown
LPP or Protected Item Determination,TAG_PROTECTED_ITEM_DETERMINATION_MATCH,LPP or Protected Item Determination,LPP or Protected Item Determination,,List (presented as radio button),Custom,ABC,Unknown
EMS MD5,MD5,MD5 Hash,EMS MD5,,Text,Appointment,DEF,Unknown
Millnet Document Description,TAG_DOCUMENT_DESCRIPTION_MATCH,Millnet Document Description,Millnet Document Description,,Text,Custom,GHI,Unknown
DRE_Reference,#DREREFERENCE,Native Reference,DRE_Reference,,Text,Custom,ABC,Unknown
Non LPP or Protected Item Comments,TAG_NON_LPP_OR_PROTECTED_ITEM_COMMENTS_MATCH,Non LPP or Protected Item Comments,Non LPP or Protected Item Comments,,Memo,Custom,DEF,Unknown
,NUIX_DUPLICATE_CUSTODIAN_MATCH,Nuix Duplicate Custodian,,,Text,Custom,ABC,Unknown
,NUIX_DUPLICATE_DATES_MATCH,Nuix Duplicate Dates,,,Text,MS Office & PDF,DEF,Unknown
,NUIX_DUPLICATE_PATHS_MATCH,Nuix Duplicate File Path,,,Text,MS Office & PDF,GHI,Unknown
,NUIX_DUPLICATE_GUID_MATCH,Nuix Duplicate GUID,,,Text,Standard,ABC,Unknown
NUIX GUID,NUIX_GUID_MATCH,Nuix GUID,NUIX GUID,,Text,Custom,DEF,Unknown
NUIX Parent GUID,NUIX_PARENT_GUID_MATCH,Nuix Parent GUID,NUIX Parent GUID,,Text,Custom,GHI,Unknown
NUIX Tags,NUIX_TAGS_MATCH,Nuix Tags,NUIX Tags,,Text,Custom,ABC,Unknown
Obtained as a result of,TAG_OBTAINED_MATCH,Obtained By,Obtained as a result of,,Text,Custom,DEF,Unknown
OCR Eligible,AUN_OCR_ELIGIBLE,OCR Eligible,OCR Eligible,,undefined,Standard,GHI,Unknown
EMS OCR Processed,AUN_OCRED,OCR Processed,EMS OCR Processed,,undefined,Standard,ABC,Unknown
OS Date Created,FILECREATED_NUMERICDATE,OS Date Created,OS Date Created,,undefined,Custom,DEF,Unknown
OS Date File Last Accessed,FILEACCESSED_NUMERICDATE,OS Date Last Accessed,OS Date File Last Accessed,,undefined,Custom,ABC,Unknown
AppModified,FILEMODIFIED_NUMERICDATE,OS Date Last Modified,AppModified,,undefined,Custom,DEF,Unknown
Outlook Item Class,PR_MESSAGE_CLASS,Outlook Item Class,Outlook Item Class,,Dropdown List,Custom,GHI,Unknown
PageCount,PAGECOUNT,Page Count,PageCount,,Text,Custom,ABC,Unknown
Host Document ID,#DREPARENTREFERENCE_ID,Parent UUID,Host Document ID,,Text,MS Office & PDF,DEF,Unknown
Potential Evidence Review Complete,TAG_POTENTIAL_EVIDENCE_REVIEW_NUMERIC,Potential Evidence Review Complete,Potential Evidence Review Complete,,Boolean,Custom,GHI,Unknown
Potential LPP or Protected Item,TAG_PROTECTED_ITEM_NUMERIC,Potential LPP or Protected Item,Potential LPP or Protected Item,,Boolean,Custom,ABC,Unknown
,SL_PRODUCED_REFERENCE_MATCH,Produced Exhibit Reference number,,,Text,Unknown,DEF,Unknown
,TAG_PRODUCING_STATEMENT_MATCH,Producing Statement,,,Text,Custom,GHI,Unknown
Production Image File Name,AUN_PRODUCTION_IMAGEFILENAME,Production - Image File Name,Production Image File Name,,Text,Appointment,ABC,Unknown
Production Begin,PRODUCTION_BEGIN_MATCH,Production Begin,Production Begin,,undefined,Custom,DEF,Unknown
Production Date,PRODUCTION_DATE,Production Date,Production Date,,Dropdown List,Custom,ABC,Unknown
Production End,PRODUCTION_END_MATCH,Production End,Production End,,undefined,Custom,DEF,Unknown
Production Name,PRODUCTION_NAME_MATCH,Production Name,Production Name,,Dropdown List,Custom,GHI,Unknown
Property reference number,TAG_EXHIBIT_REFERENCE_MATCH,Property reference number,Property reference number,,Text,Custom,ABC,Unknown
Protected Item Reviewed By,TAG_PROTECTED_ITEM_REVIEWEDBY_MATCH,Protected Item - Reviewed By,Protected Item Reviewed By,,MultiValueList,Custom,DEF,Unknown
Recipients,AUN_RECIPIENT_MATCH_PARAMETRIC,Recipients (All),Recipients,,Dropdown List,Custom,GHI,Unknown
File Type,TYPE,Record Type,File Type,,Dropdown List,Custom,ABC,Unknown
Re-imported,AUN_REIMPORT_NUMERIC,Re-imported,Re-imported,,Text,Other,DEF,Unknown
Root Family Reference ID,#DREROOTFAMILYREFERENCE_ID,Root Family UUID,Root Family Reference ID,,Text,Custom,GHI,Unknown
Scanner Document ID,SL_SCANNER_ID_MATCH,Scanner Document ID,Scanner Document ID,,Text,Other,ABC,Unknown
Sensitive or LPP Comments,TAG_REG_SENSITIVELPPCOMMENTS_MATCH,Sensitive or LPP Comments,Sensitive or LPP Comments,,Memo,Standard,DEF,Unknown
Sensitive or LPP Item,TAG_REG_SENSITIVELPP_MATCH,Sensitive or LPP Item,Sensitive or LPP Item,,Dropdown List,Custom,ABC,Unknown
Sensitive or LPP Reason,TAG_REG_SENSITIVELPPREASON_MATCH,Sensitive or LPP Reason,Sensitive or LPP Reason,,Dropdown List,Custom,DEF,Unknown
Shown To,TAG_SHOWN_TO_MATCH,Shown To,Shown To,,MultiValueList,Custom,GHI,Unknown
EMS Source Number,AUN_SOURCE_NUMERIC,Source ID,EMS Source Number,,Dropdown List,Other,ABC,Unknown
EMS DocLibrary Source,AUN_VIRTUAL_SOURCE_NAME,Source Name (All),EMS DocLibrary Source,,Dropdown List,Custom,DEF,Unknown
DocLibSource,AUN_SOURCE_NAME,Source Name (Initial),DocLibSource,,Dropdown List,Custom,GHI,Unknown
Sub Source,TAG_SUB_SOURCE_MATCH,Sub Source,Sub Source,,Text,Custom,ABC,Unknown
Subjects,TAG_SUBJECTS_MATCH_PARAMETRIC,Subjects,Subjects,,MultiValueList,Unknown,DEF,Unknown
EMS Term List,AUN_TERMLIST_NUMERIC,Term List,EMS Term List,,undefined,MS Office & PDF,GHI,Unknown
Tiff Status,AUN_TIFF_STATUS_MATCH_PARAMETRIC,Tiff Status,Tiff Status,,Dropdown List,Other,ABC,Unknown
Tiffing Request Status,TAG_TIFFING_REQUEST_MATCH,Tiffing Request Status,Tiffing Request Status,,List (presented as radio button),Custom,DEF,Unknown
Tiffing Result,TIFFING_RESULT,Tiffing Result,Tiffing Result,,Text,Custom,ABC,Unknown
Tiffing Slipsheeted,TIFFING_SLIPSHEETED,Tiffing Slipsheeted,Tiffing Slipsheeted,,Dropdown List,Custom,DEF,Unknown
,TIFFING_WARNING,Tiffing Warning,,,Dropdown List,Custom,GHI,Unknown
EMS Title,#DRETITLE,Title,EMS Title,,Text,Other,ABC,Unknown
Recipients-To,TO,To,Recipients-To,,Text,MS Office & PDF,DEF,Unknown
Unique Reference Number,TAG_URN_MATCH,Unique Reference Number,Unique Reference Number,,Text,MS Office & PDF,GHI,Unknown
Document ID / EMS UUID,UUID,UUID,Document ID / EMS UUID,,undefined,Custom,ABC,Unknown
Virtual Path Segment 1,VIRTUAL_PATH_SEGMENT_1,Virtual Path Segment 1,Virtual Path Segment 1,,Dropdown List,Standard,DEF,Unknown
EMS Workflow ID Source,INTROSPECT_WORKFLOW_SOURCE,Workflow ID - Source,EMS Workflow ID Source,,Text,Custom,GHI,Unknown
EMS Workflow ID Target,INTROSPECT_WORKFLOW_TARGET,Workflow ID - Target,EMS Workflow ID Target,,Text,Custom,ABC,Unknown
EMS Workflow Project Target,INTROSPECT_MIGRATED_TO_MATTER,Workflow Project - Target,EMS Workflow Project Target,,Text,Custom,DEF,Unknown
,AUN_WORKPOOL_MATCH_PARAMETRIC,Workpool,,,Dropdown List,Custom,ABC,Unknown
,AUN_WORKPOOL_ASSIGNED_MATCH_PARAMETRIC,Workpool - Assigned,,,Dropdown List,Custom,DEF,Unknown
,AUN_WORKPOOL_DONE_MATCH_PARAMETRIC,Workpool - Done,,,Dropdown List,Custom,GHI,Unknown
,AUN_WORKPOOL_UNASSIGNED_MATCH_PARAMETRIC,Workpool - Unassigned,,,Dropdown List,Custom,ABC,Unknown
Containing Folder,#DRECONTAININGFOLDER,,Containing Folder,,,Custom,DEF,Unknown
Content,#DRECONTENT,,Content,,Text,Custom,GHI,Unknown
Database Name,#DREDBNAME,,Database Name,,,Custom,ABC,Unknown
Embedded Mail Reference,#DREEMBMAILREFERENCE,,Embedded Mail Reference,,,Custom,DEF,Unknown
#DREENDDOC,#DREENDDOC,,#DREENDDOC,,,Custom,GHI,Unknown
File Name,#DREFILENAME,,File Name,,,Custom,ABC,Unknown
Parent Reference,#DREPARENTREFERENCE,,Parent Reference,,,Custom,DEF,Unknown
Root Embedded Reference,#DREROOTEMBEDDEDREFERENCE,,Root Embedded Reference,,,Custom,ABC,Unknown
Root Embedded Reference ID,#DREROOTEMBEDDEDREFERENCE_ID,,Root Embedded Reference ID,,,Unknown,DEF,Unknown
Root Family Reference,#DREROOTFAMILYREFERENCE,,Root Family Reference,,,Custom,GHI,Unknown
Root Message Reference,#DREROOTMSGREFERENCE,,Root Message Reference,,,Custom,ABC,Unknown
Root Message Reference ID,#DREROOTMSGREFERENCE_ID,,Root Message Reference ID,,,Custom,DEF,Unknown
Root Parent Reference,#DREROOTPARENTREFERENCE,,Root Parent Reference,,,Custom,GHI,Unknown
Root Parent Reference ID,#DREROOTPARENTREFERENCE_ID,,Root Parent Reference ID,,,Custom,ABC,Unknown
DREROOTPARENTTYPE,#DREROOTPARENTTYPE,,DREROOTPARENTTYPE,,,Custom,DEF,Unknown
#DRESECTION,#DRESECTION,,#DRESECTION,,,Custom,GHI,Unknown
_DLC_DOCID,_DLC_DOCID,,_DLC_DOCID,,,Custom,ABC,Unknown
_DLC_DOCIDITEMGUID,_DLC_DOCIDITEMGUID,,_DLC_DOCIDITEMGUID,,,Custom,DEF,Unknown
_DLC_DOCIDPERSISTID,_DLC_DOCIDPERSISTID,,_DLC_DOCIDPERSISTID,,,Custom,ABC,Unknown
_TEMPLATEID,_TEMPLATEID,,_TEMPLATEID,,,Custom,DEF,Unknown
ACTUALORIGINALNAME,ACTUALORIGINALNAME,,ACTUALORIGINALNAME,,,Custom,GHI,Unknown
APERTURE_VALUE,APERTURE_VALUE,,APERTURE_VALUE,,,Custom,ABC,Unknown
APPLE-MOBILE-WEB-APP-CAPABLE,APPLE-MOBILE-WEB-APP-CAPABLE,,APPLE-MOBILE-WEB-APP-CAPABLE,,,Unknown,DEF,Unknown
APPLE-MOBILE-WEB-APP-STATUS-BAR-STYLE,APPLE-MOBILE-WEB-APP-STATUS-BAR-STYLE,,APPLE-MOBILE-WEB-APP-STATUS-BAR-STYLE,,,Standard,GHI,Unknown
APPLE-TOUCH-FULLSCREEN,APPLE-TOUCH-FULLSCREEN,,APPLE-TOUCH-FULLSCREEN,,,Other,ABC,Unknown
Document Type,APPNAME,,Document Type,,,Other,DEF,Unknown
APPVERSION,APPVERSION,,APPVERSION,,,Other,GHI,Unknown
Attachment,ATTACHMENT,,Attachment,,,System,ABC,Unknown
ATTACHMENT_NAME_MATCH,ATTACHMENT_NAME_MATCH,,ATTACHMENT_NAME_MATCH,,,Custom,DEF,Unknown
ATTESTATIONFORPARTY1,ATTESTATIONFORPARTY1,,ATTESTATIONFORPARTY1,,,Custom,ABC,Unknown
ATTESTATIONFORPARTY2,ATTESTATIONFORPARTY2,,ATTESTATIONFORPARTY2,,,Appointment,DEF,Unknown
AUDIO_DURATION,AUDIO_DURATION,,AUDIO_DURATION,,,Custom,GHI,Unknown
AUDIO_MMS_URL,AUDIO_MMS_URL,,AUDIO_MMS_URL,,,MS Office & PDF,ABC,Unknown
AUDIO_WORDTIMES,AUDIO_WORDTIMES,,AUDIO_WORDTIMES,,,Unknown,DEF,Unknown
AUN_AUDIO_WAVFORM_URL,AUN_AUDIO_WAVFORM_URL,,AUN_AUDIO_WAVFORM_URL,,,Custom,GHI,Unknown
AUN_DEDUPEID,AUN_DEDUPEID,,AUN_DEDUPEID,,,Custom,ABC,Unknown
Ignored,AUN_IGNORED,,Ignored,,,Custom,DEF,Unknown
AUN_REIMPORT_ROOT_NUMERIC,AUN_REIMPORT_ROOT_NUMERIC,,AUN_REIMPORT_ROOT_NUMERIC,,,Custom,GHI,Unknown
AUN_SOURCE_DESCRIPTION,AUN_SOURCE_DESCRIPTION,,AUN_SOURCE_DESCRIPTION,,,Custom,ABC,Unknown
AUN_SOURCE_MEDIA_ID,AUN_SOURCE_MEDIA_ID,,AUN_SOURCE_MEDIA_ID,,,Custom,DEF,Unknown
AUN_SOURCE_MEDIA_NAME,AUN_SOURCE_MEDIA_NAME,,AUN_SOURCE_MEDIA_NAME,,,Custom,ABC,Unknown
AUN_TIFFASSOCIATION_ORIGINAL,AUN_TIFFASSOCIATION_ORIGINAL,,AUN_TIFFASSOCIATION_ORIGINAL,,,Custom,DEF,Unknown
AUN_TIFFREDACT_COORDINATES_10,AUN_TIFFREDACT_COORDINATES_10,,AUN_TIFFREDACT_COORDINATES_10,,,Custom,GHI,Unknown
AUN_TIFFREDACT_COORDINATES_11,AUN_TIFFREDACT_COORDINATES_11,,AUN_TIFFREDACT_COORDINATES_11,,,Custom,ABC,Unknown
AUN_TIFFREDACT_COORDINATES_12,AUN_TIFFREDACT_COORDINATES_12,,AUN_TIFFREDACT_COORDINATES_12,,,Custom,DEF,Unknown
AUN_TIFFREDACT_COORDINATES_13,AUN_TIFFREDACT_COORDINATES_13,,AUN_TIFFREDACT_COORDINATES_13,,,System,GHI,Unknown
AUN_TIFFREDACT_COORDINATES_14,AUN_TIFFREDACT_COORDINATES_14,,AUN_TIFFREDACT_COORDINATES_14,,,Standard,ABC,Unknown
AUN_TIFFREDACT_CREATED_10,AUN_TIFFREDACT_CREATED_10,,AUN_TIFFREDACT_CREATED_10,,,Standard,DEF,Unknown
AUN_TIFFREDACT_CREATED_11,AUN_TIFFREDACT_CREATED_11,,AUN_TIFFREDACT_CREATED_11,,,Custom,GHI,Unknown
AUN_TIFFREDACT_CREATED_12,AUN_TIFFREDACT_CREATED_12,,AUN_TIFFREDACT_CREATED_12,,,Unknown,ABC,Unknown
AUN_TIFFREDACT_CREATED_13,AUN_TIFFREDACT_CREATED_13,,AUN_TIFFREDACT_CREATED_13,,,Appointment,DEF,Unknown
AUN_TIFFREDACT_CREATED_14,AUN_TIFFREDACT_CREATED_14,,AUN_TIFFREDACT_CREATED_14,,,Appointment,ABC,Unknown
AUN_TIFFREDACT_CREATOR_10,AUN_TIFFREDACT_CREATOR_10,,AUN_TIFFREDACT_CREATOR_10,,,,DEF,Unknown
AUN_TIFFREDACT_CREATOR_11,AUN_TIFFREDACT_CREATOR_11,,AUN_TIFFREDACT_CREATOR_11,,,,GHI,Unknown
AUN_TIFFREDACT_CREATOR_12,AUN_TIFFREDACT_CREATOR_12,,AUN_TIFFREDACT_CREATOR_12,,,,ABC,Unknown
AUN_TIFFREDACT_CREATOR_13,AUN_TIFFREDACT_CREATOR_13,,AUN_TIFFREDACT_CREATOR_13,,,,DEF,Unknown
AUN_TIFFREDACT_CREATOR_14,AUN_TIFFREDACT_CREATOR_14,,AUN_TIFFREDACT_CREATOR_14,,,Unknown,GHI,Unknown
AUN_TIFFREDACT_PAGE_10,AUN_TIFFREDACT_PAGE_10,,AUN_TIFFREDACT_PAGE_10,,,,ABC,Unknown
AUN_TIFFREDACT_PAGE_11,AUN_TIFFREDACT_PAGE_11,,AUN_TIFFREDACT_PAGE_11,,,,DEF,Unknown
AUN_TIFFREDACT_PAGE_12,AUN_TIFFREDACT_PAGE_12,,AUN_TIFFREDACT_PAGE_12,,,,GHI,Unknown
AUN_TIFFREDACT_PAGE_13,AUN_TIFFREDACT_PAGE_13,,AUN_TIFFREDACT_PAGE_13,,,,ABC,Unknown
AUN_TIFFREDACT_PAGE_14,AUN_TIFFREDACT_PAGE_14,,AUN_TIFFREDACT_PAGE_14,,,,DEF,Unknown
AUN_TIFFREDACT_REASON_10,AUN_TIFFREDACT_REASON_10,,AUN_TIFFREDACT_REASON_10,,,,ABC,Unknown
AUN_TIFFREDACT_REASON_11,AUN_TIFFREDACT_REASON_11,,AUN_TIFFREDACT_REASON_11,,,,DEF,Unknown
AUN_TIFFREDACT_REASON_12,AUN_TIFFREDACT_REASON_12,,AUN_TIFFREDACT_REASON_12,,,,GHI,Unknown
AUN_TIFFREDACT_REASON_13,AUN_TIFFREDACT_REASON_13,,AUN_TIFFREDACT_REASON_13,,,,ABC,Unknown
AUN_TIFFREDACT_REASON_14,AUN_TIFFREDACT_REASON_14,,AUN_TIFFREDACT_REASON_14,,,,DEF,Unknown
AUN_TIFFREDACT_REDACTIONSET_10,AUN_TIFFREDACT_REDACTIONSET_10,,AUN_TIFFREDACT_REDACTIONSET_10,,,Custom,GHI,Unknown
AUN_TIFFREDACT_REDACTIONSET_11,AUN_TIFFREDACT_REDACTIONSET_11,,AUN_TIFFREDACT_REDACTIONSET_11,,,Custom,ABC,Unknown
AUN_TIFFREDACT_REDACTIONSET_12,AUN_TIFFREDACT_REDACTIONSET_12,,AUN_TIFFREDACT_REDACTIONSET_12,,,MS Office & PDF,DEF,Unknown
AUN_TIFFREDACT_REDACTIONSET_13,AUN_TIFFREDACT_REDACTIONSET_13,,AUN_TIFFREDACT_REDACTIONSET_13,,,EDT,GHI,Unknown
AUN_TIFFREDACT_REDACTIONSET_14,AUN_TIFFREDACT_REDACTIONSET_14,,AUN_TIFFREDACT_REDACTIONSET_14,,,Custom,ABC,Unknown
AUN_VIRTUAL_SOURCE_DESCRIPTION,AUN_VIRTUAL_SOURCE_DESCRIPTION,,AUN_VIRTUAL_SOURCE_DESCRIPTION,,,Custom,DEF,Unknown
AUN_VIRTUAL_SOURCE_MEDIA_ID,AUN_VIRTUAL_SOURCE_MEDIA_ID,,AUN_VIRTUAL_SOURCE_MEDIA_ID,,,Other,ABC,Unknown
AUN_VIRTUAL_SOURCE_MEDIA_NAME,AUN_VIRTUAL_SOURCE_MEDIA_NAME,,AUN_VIRTUAL_SOURCE_MEDIA_NAME,,,Custom,DEF,Unknown
AXPAUTHOR,AXPAUTHOR,,AXPAUTHOR,,,Custom,GHI,Unknown
AXPDATACLASSIFICATION,AXPDATACLASSIFICATION,,AXPDATACLASSIFICATION,,,Custom,ABC,Unknown
AXPDATACLASSIFICATIONFORSEARCH,AXPDATACLASSIFICATIONFORSEARCH,,AXPDATACLASSIFICATIONFORSEARCH,,,Custom,DEF,Unknown
BGAGREED,BGAGREED,,BGAGREED,,,Custom,GHI,Unknown
BGAS,BGAS,,BGAS,,,Custom,ABC,Unknown
BGAS1,BGAS1,,BGAS1,,,Custom,DEF,Unknown
BGATTESTATTORNEY,BGATTESTATTORNEY,,BGATTESTATTORNEY,,,Custom,GHI,Unknown
BGATTESTDIRANDAUTHSIG,BGATTESTDIRANDAUTHSIG,,BGATTESTDIRANDAUTHSIG,,,Standard,ABC,Unknown
BGATTESTDIRANDDIRORAUTHSIG,BGATTESTDIRANDDIRORAUTHSIG,,BGATTESTDIRANDDIRORAUTHSIG,,,Custom,DEF,Unknown
BGATTESTGENERIC,BGATTESTGENERIC,,BGATTESTGENERIC,,,Custom,ABC,Unknown
BGATTESTINCLADDRESS,BGATTESTINCLADDRESS,,BGATTESTINCLADDRESS,,,Custom,DEF,Unknown
BGATTESTINDIVID,BGATTESTINDIVID,,BGATTESTINDIVID,,,Custom,GHI,Unknown
BGATTESTSEAL,BGATTESTSEAL,,BGATTESTSEAL,,,Custom,ABC,Unknown
BGATTESTSOLEDIRECTOR,BGATTESTSOLEDIRECTOR,,BGATTESTSOLEDIRECTOR,,,Custom,DEF,Unknown
BGATTESTTWOATTORNEYS,BGATTESTTWOATTORNEYS,,BGATTESTTWOATTORNEYS,,,,GHI,Unknown
BGATTESTTWODIRECTORS,BGATTESTTWODIRECTORS,,BGATTESTTWODIRECTORS,,,,ABC,Unknown
BGAUTHORDDI,BGAUTHORDDI,,BGAUTHORDDI,,,,DEF,Unknown
BGAUTHOREMAIL,BGAUTHOREMAIL,,BGAUTHOREMAIL,,,,GHI,Unknown
BGAUTHORINITIALS,BGAUTHORINITIALS,,BGAUTHORINITIALS,,,,ABC,Unknown
BGAUTHORJOBTITLE,BGAUTHORJOBTITLE,,BGAUTHORJOBTITLE,,,,DEF,Unknown
BGAUTHOROFFICE,BGAUTHOROFFICE,,BGAUTHOROFFICE,,,,ABC,Unknown
BGAUTHOROTHERNAME,BGAUTHOROTHERNAME,,BGAUTHOROTHERNAME,,,,DEF,Unknown
BGAUTHORPREFERREDNAME,BGAUTHORPREFERREDNAME,,BGAUTHORPREFERREDNAME,,,,GHI,Unknown
BGAUTHORTREATASPARTNER,BGAUTHORTREATASPARTNER,,BGAUTHORTREATASPARTNER,,,,ABC,Unknown
BGBETWEENAND,BGBETWEENAND,,BGBETWEENAND,,,,DEF,Unknown
BGBYINFAVOUROF,BGBYINFAVOUROF,,BGBYINFAVOUROF,,,,GHI,Unknown
BGCLIENT,BGCLIENT,,BGCLIENT,,,,ABC,Unknown
BGCLIENTNUMBER,BGCLIENTNUMBER,,BGCLIENTNUMBER,,,,DEF,Unknown
BGCOPY,BGCOPY,,BGCOPY,,,,GHI,Unknown
BGDATE,BGDATE,,BGDATE,,,,ABC,Unknown
BGDECLARED,BGDECLARED,,BGDECLARED,,,,DEF,Unknown
BGDOCUMENTNAME,BGDOCUMENTNAME,,BGDOCUMENTNAME,,,,ABC,Unknown
BGDRAFT,BGDRAFT,,BGDRAFT,,,,DEF,Unknown
BGDRAFTNUMBER,BGDRAFTNUMBER,,BGDRAFTNUMBER,,,,GHI,Unknown
BGEMPLOYMENTAGREEMENT,BGEMPLOYMENTAGREEMENT,,BGEMPLOYMENTAGREEMENT,,,,ABC,Unknown
BGEMPLOYMENTDEED,BGEMPLOYMENTDEED,,BGEMPLOYMENTDEED,,,,DEF,Unknown
BGEMPLOYMENTSIGNOFF,BGEMPLOYMENTSIGNOFF,,BGEMPLOYMENTSIGNOFF,,,,GHI,Unknown
BGFIRSTPAGE,BGFIRSTPAGE,,BGFIRSTPAGE,,,,ABC,Unknown
BGISSUEDATE,BGISSUEDATE,,BGISSUEDATE,,,,DEF,Unknown
BGLOGO,BGLOGO,,BGLOGO,,,,GHI,Unknown
BGLTO,BGLTO,,BGLTO,,,,ABC,Unknown
BGMAJORVERSION,BGMAJORVERSION,,BGMAJORVERSION,,,,DEF,Unknown
BGMATTERDESCRIPTION,BGMATTERDESCRIPTION,,BGMATTERDESCRIPTION,,,,ABC,Unknown
BGMATTERNUMBER,BGMATTERNUMBER,,BGMATTERNUMBER,,,,DEF,Unknown
BGNAME,BGNAME,,BGNAME,,,,GHI,Unknown
BGNAME1,BGNAME1,,BGNAME1,,,,ABC,Unknown
BGOK,BGOK,,BGOK,,,,DEF,Unknown
BGOPERATORINITIALS,BGOPERATORINITIALS,,BGOPERATORINITIALS,,,,GHI,Unknown
BGOTHERPAGES,BGOTHERPAGES,,BGOTHERPAGES,,,,ABC,Unknown
BGPARTNERDDI,BGPARTNERDDI,,BGPARTNERDDI,,,,DEF,Unknown
BGPARTNEREMAIL,BGPARTNEREMAIL,,BGPARTNEREMAIL,,,,GHI,Unknown
BGPARTNERINITIALS,BGPARTNERINITIALS,,BGPARTNERINITIALS,,,,ABC,Unknown
BGPARTNERJOBTITLE,BGPARTNERJOBTITLE,,BGPARTNERJOBTITLE,,,,DEF,Unknown
BGPARTNERMOBILE,BGPARTNERMOBILE,,BGPARTNERMOBILE,,,,ABC,Unknown
BGPARTNEROFFICE,BGPARTNEROFFICE,,BGPARTNEROFFICE,,,,DEF,Unknown
BGPARTNEROTHERNAME,BGPARTNEROTHERNAME,,BGPARTNEROTHERNAME,,,,GHI,Unknown
BGPARTNERPREFERREDNAME,BGPARTNERPREFERREDNAME,,BGPARTNERPREFERREDNAME,,,,ABC,Unknown
BGPARTNERTREATASPARTNER,BGPARTNERTREATASPARTNER,,BGPARTNERTREATASPARTNER,,,,DEF,Unknown
BGRELATINGTO,BGRELATINGTO,,BGRELATINGTO,,,,GHI,Unknown
BGSETTLEMENTAGREEMENT,BGSETTLEMENTAGREEMENT,,BGSETTLEMENTAGREEMENT,,,,ABC,Unknown
BGSETTLEMENTSIGNOFF,BGSETTLEMENTSIGNOFF,,BGSETTLEMENTSIGNOFF,,,,DEF,Unknown
BGSPACERAFTER,BGSPACERAFTER,,BGSPACERAFTER,,,,GHI,Unknown
BGSPACERBEFORE,BGSPACERBEFORE,,BGSPACERBEFORE,,,,ABC,Unknown
BGTITLE,BGTITLE,,BGTITLE,,,,DEF,Unknown
BGTOC,BGTOC,,BGTOC,,,,ABC,Unknown
BGTOPIC,BGTOPIC,,BGTOPIC,,,,DEF,Unknown
BGTRACKCHANGES,BGTRACKCHANGES,,BGTRACKCHANGES,,,,GHI,Unknown
BGVERSIONNUMBER,BGVERSIONNUMBER,,BGVERSIONNUMBER,,,,ABC,Unknown
BIT_DEPTH,BIT_DEPTH,,BIT_DEPTH,,,,DEF,Unknown
BITS_PER_CHANNEL,BITS_PER_CHANNEL,,BITS_PER_CHANNEL,,,,GHI,Unknown
BITS_PER_PIXEL,BITS_PER_PIXEL,,BITS_PER_PIXEL,,,,ABC,Unknown
BRIGHTNESS_VALUE,BRIGHTNESS_VALUE,,BRIGHTNESS_VALUE,,,,DEF,Unknown
BUSINESS_OBJECTS_CONTEXT_INFORMATION,BUSINESS_OBJECTS_CONTEXT_INFORMATION,,BUSINESS_OBJECTS_CONTEXT_INFORMATION,,,,GHI,Unknown
BUSINESS_OBJECTS_CONTEXT_INFORMATION1,BUSINESS_OBJECTS_CONTEXT_INFORMATION1,,BUSINESS_OBJECTS_CONTEXT_INFORMATION1,,,,ABC,Unknown
BUSINESS_OBJECTS_CONTEXT_INFORMATION2,BUSINESS_OBJECTS_CONTEXT_INFORMATION2,,BUSINESS_OBJECTS_CONTEXT_INFORMATION2,,,,DEF,Unknown
BUSINESS_OBJECTS_CONTEXT_INFORMATION3,BUSINESS_OBJECTS_CONTEXT_INFORMATION3,,BUSINESS_OBJECTS_CONTEXT_INFORMATION3,,,,ABC,Unknown
BUSINESS_OBJECTS_CONTEXT_INFORMATION4,BUSINESS_OBJECTS_CONTEXT_INFORMATION4,,BUSINESS_OBJECTS_CONTEXT_INFORMATION4,,,,DEF,Unknown
BUSINESS_OBJECTS_CONTEXT_INFORMATION5,BUSINESS_OBJECTS_CONTEXT_INFORMATION5,,BUSINESS_OBJECTS_CONTEXT_INFORMATION5,,,,GHI,Unknown
BUSINESS_OBJECTS_CONTEXT_INFORMATION6,BUSINESS_OBJECTS_CONTEXT_INFORMATION6,,BUSINESS_OBJECTS_CONTEXT_INFORMATION6,,,,ABC,Unknown
Size,BYTECOUNT,,Size,,,,DEF,Unknown
CATEGORY,CATEGORY,,CATEGORY,,,,GHI,Unknown
CHANNELS,CHANNELS,,CHANNELS,,,,ABC,Unknown
CHARACTERSWITHSPACES,CHARACTERSWITHSPACES,,CHARACTERSWITHSPACES,,,,DEF,Unknown
Character Count,CHARCOUNT,,Character Count,,,,GHI,Unknown
CHILDHASHES,CHILDHASHES,,CHILDHASHES,,,,ABC,Unknown
CLIENTNO,CLIENTNO,,CLIENTNO,,,,DEF,Unknown
Code Page,CODEPAGE,,Code Page,,,,ABC,Unknown
COLOR_REPRESENTATION,COLOR_REPRESENTATION,,COLOR_REPRESENTATION,,,,DEF,Unknown
COMMENT0,COMMENT0,,COMMENT0,,,,GHI,Unknown
COMMENTS,COMMENTS,,COMMENTS,,,,ABC,Unknown
Company,COMPANY,,Company,,,,DEF,Unknown
COMPONENTS_CONFIGURATION,COMPONENTS_CONFIGURATION,,COMPONENTS_CONFIGURATION,,,,GHI,Unknown
COMPRESSED_BITS_PIXEL,COMPRESSED_BITS_PIXEL,,COMPRESSED_BITS_PIXEL,,,,ABC,Unknown
COMPRESSION,COMPRESSION,,COMPRESSION,,,,DEF,Unknown
CONTENTSTATUS,CONTENTSTATUS,,CONTENTSTATUS,,,,GHI,Unknown
CONTENTTYPEID,CONTENTTYPEID,,CONTENTTYPEID,,,,ABC,Unknown
CREATE_DTM,CREATE_DTM,,CREATE_DTM,,,,DEF,Unknown
CREATED,CREATED,,CREATED,,,,ABC,Unknown
CREATEDBY,CREATEDBY,,CREATEDBY,,,,DEF,Unknown
CREATEDON,CREATEDON,,CREATEDON,,,,GHI,Unknown
CREATION_DATE,CREATION_DATE,,CREATION_DATE,,,,ABC,Unknown
CREATION_SOFTWARE,CREATION_SOFTWARE,,CREATION_SOFTWARE,,,,DEF,Unknown
CREATOR,CREATOR,,CREATOR,,,,GHI,Unknown
CX_ORIGINALVERSION,CX_ORIGINALVERSION,,CX_ORIGINALVERSION,,,,ABC,Unknown
CX_RELOCATIONOPERATION,CX_RELOCATIONOPERATION,,CX_RELOCATIONOPERATION,,,,DEF,Unknown
CX_RELOCATIONREASON,CX_RELOCATIONREASON,,CX_RELOCATIONREASON,,,,GHI,Unknown
CX_RELOCATIONTIMESTAMP,CX_RELOCATIONTIMESTAMP,,CX_RELOCATIONTIMESTAMP,,,,ABC,Unknown
CX_RELOCATIONUSER,CX_RELOCATIONUSER,,CX_RELOCATIONUSER,,,,DEF,Unknown
DATA_RATE,DATA_RATE,,DATA_RATE,,,,ABC,Unknown
DATE,DATE,,DATE,,,,DEF,Unknown
DATE_TIME_DIGITISED,DATE_TIME_DIGITISED,,DATE_TIME_DIGITISED,,,,GHI,Unknown
DATE_TIME_ORIGINAL,DATE_TIME_ORIGINAL,,DATE_TIME_ORIGINAL,,,,ABC,Unknown
DEBUG1,DEBUG1,,DEBUG1,,,,DEF,Unknown
DEBUG2,DEBUG2,,DEBUG2,,,,GHI,Unknown
DEBUG3,DEBUG3,,DEBUG3,,,,ABC,Unknown
Dedupe MD5,DEDUPEMD5,,Dedupe MD5,,,,DEF,Unknown
DEEDOTHERPARTY,DEEDOTHERPARTY,,DEEDOTHERPARTY,,,,GHI,Unknown
DEEDOTHERPARTY1,DEEDOTHERPARTY1,,DEEDOTHERPARTY1,,,,ABC,Unknown
DESCENDED_FROM_LOOSE_MAIL,DESCENDED_FROM_LOOSE_MAIL,,DESCENDED_FROM_LOOSE_MAIL,,,,DEF,Unknown
Description,DESCRIPTION,,Description,,,,ABC,Unknown
DMSDOCNUM,DMSDOCNUM,,DMSDOCNUM,,,,DEF,Unknown
DOCID,DOCID,,DOCID,,,,GHI,Unknown
DOCIDCONTENT,DOCIDCONTENT,,DOCIDCONTENT,,,,ABC,Unknown
DOCLOC,DOCLOC,,DOCLOC,,,,DEF,Unknown
DOCLOC2,DOCLOC2,,DOCLOC2,,,,GHI,Unknown
DOCREFERENCE,DOCREFERENCE,,DOCREFERENCE,,,,ABC,Unknown
DOCSECURITY,DOCSECURITY,,DOCSECURITY,,,,DEF,Unknown
DOCUMENT_NUMBER,DOCUMENT_NUMBER,,DOCUMENT_NUMBER,,,,GHI,Unknown
DOCUMENTATTRIBUTES,DOCUMENTATTRIBUTES,,DOCUMENTATTRIBUTES,,,,ABC,Unknown
Document Class,DOCUMENTCLASS,,Document Class,,,,DEF,Unknown
DOCUMENTEMBEDDEDFONTRATIO,DOCUMENTEMBEDDEDFONTRATIO,,DOCUMENTEMBEDDEDFONTRATIO,,,,ABC,Unknown
DOCUMENTPCTEMBEDDEDFONT,DOCUMENTPCTEMBEDDEDFONT,,DOCUMENTPCTEMBEDDEDFONT,,,,DEF,Unknown
DOCUMENTPCTPROBABILITYMISMATCH,DOCUMENTPCTPROBABILITYMISMATCH,,DOCUMENTPCTPROBABILITYMISMATCH,,,,GHI,Unknown
Document Size,DOCUMENTSIZE,,Document Size,,,,ABC,Unknown
Time Edited,EDITTIME,,Time Edited,,,,DEF,Unknown
EDRMSDOCALLOWED,EDRMSDOCALLOWED,,EDRMSDOCALLOWED,,,,GHI,Unknown
EDRMSFSCCLASSIFICATION,EDRMSFSCCLASSIFICATION,,EDRMSFSCCLASSIFICATION,,,,ABC,Unknown
EMAIL_OWNER_ADDRESS,EMAIL_OWNER_ADDRESS,,EMAIL_OWNER_ADDRESS,,,,DEF,Unknown
Email Timezone,EMAIL_TIMEZONE,,Email Timezone,,,,GHI,Unknown
EmailThreadId,EMAILTHREADID_MATCH,,EmailThreadId,,,,ABC,Unknown
Embedded,EMBEDDED,,Embedded,,,,DEF,Unknown
EXIF_IMAGE_HEIGHT,EXIF_IMAGE_HEIGHT,,EXIF_IMAGE_HEIGHT,,,,ABC,Unknown
EXIF_IMAGE_WIDTH,EXIF_IMAGE_WIDTH,,EXIF_IMAGE_WIDTH,,,,DEF,Unknown
EXIF_INTEROPERABILITY_OFFSET,EXIF_INTEROPERABILITY_OFFSET,,EXIF_INTEROPERABILITY_OFFSET,,,,GHI,Unknown
EXIF_OFFSET,EXIF_OFFSET,,EXIF_OFFSET,,,,ABC,Unknown
EXIF_VERSION,EXIF_VERSION,,EXIF_VERSION,,,,DEF,Unknown
EXPIRES,EXPIRES,,EXPIRES,,,,GHI,Unknown
EXPOSURE_BIAS_VALUE,EXPOSURE_BIAS_VALUE,,EXPOSURE_BIAS_VALUE,,,,ABC,Unknown
EXPOSURE_PROGRAM,EXPOSURE_PROGRAM,,EXPOSURE_PROGRAM,,,,DEF,Unknown
F_NUMBER,F_NUMBER,,F_NUMBER,,,,GHI,Unknown
FAMILYDATE,FAMILYDATE,,FAMILYDATE,,,,ABC,Unknown
FAMILYTHREADID_MATCH,FAMILYTHREADID_MATCH,,FAMILYTHREADID_MATCH,,,,DEF,Unknown
FILE_SOURCE,FILE_SOURCE,,FILE_SOURCE,,,,ABC,Unknown
Time File Accessed,FILEACCESSEDTIME,,Time File Accessed,,,,DEF,Unknown
Time File Created,FILECREATEDTIME,,Time File Created,,,,GHI,Unknown
FileExtensionAsFound,FileExtensionAsFound,,FileExtensionAsFound,,,,ABC,Unknown
FILEIMPORTED_NUMERICDATE,FILEIMPORTED_NUMERICDATE,,FILEIMPORTED_NUMERICDATE,,,,DEF,Unknown
Time File Imported,FILEIMPORTEDTIME,,Time File Imported,,,,GHI,Unknown
Date File Modified,FILEMODIFIEDTIME,,Date File Modified,,,,ABC,Unknown
FLASH,FLASH,,FLASH,,,,DEF,Unknown
FLASH_PIX_VERSION,FLASH_PIX_VERSION,,FLASH_PIX_VERSION,,,,GHI,Unknown
FOCAL_LENGTH,FOCAL_LENGTH,,FOCAL_LENGTH,,,,ABC,Unknown
FOCAL_PLANE_RESOLUTION_UNIT,FOCAL_PLANE_RESOLUTION_UNIT,,FOCAL_PLANE_RESOLUTION_UNIT,,,,DEF,Unknown
FOCAL_PLANE_X_RESOLUTION,FOCAL_PLANE_X_RESOLUTION,,FOCAL_PLANE_X_RESOLUTION,,,,ABC,Unknown
FOCAL_PLANE_Y_RESOLUTION,FOCAL_PLANE_Y_RESOLUTION,,FOCAL_PLANE_Y_RESOLUTION,,,,DEF,Unknown
FORMAT_TYPE,FORMAT_TYPE,,FORMAT_TYPE,,,,GHI,Unknown
FORMAT-DETECTION,FORMAT-DETECTION,,FORMAT-DETECTION,,,,ABC,Unknown
FRAME_COUNT,FRAME_COUNT,,FRAME_COUNT,,,,DEF,Unknown
Generator,GENERATOR,,Generator,,,,GHI,Unknown
GPS_ALTITUDE,GPS_ALTITUDE,,GPS_ALTITUDE,,,,ABC,Unknown
GPS_ALTITUDE_REF,GPS_ALTITUDE_REF,,GPS_ALTITUDE_REF,,,,DEF,Unknown
GPS_DATE_STAMP,GPS_DATE_STAMP,,GPS_DATE_STAMP,,,,GHI,Unknown
GPS_DOP,GPS_DOP,,GPS_DOP,,,,ABC,Unknown
GPS_IMG_DIRECTION,GPS_IMG_DIRECTION,,GPS_IMG_DIRECTION,,,,DEF,Unknown
GPS_IMG_DIRECTION_REF,GPS_IMG_DIRECTION_REF,,GPS_IMG_DIRECTION_REF,,,,ABC,Unknown
GPS_LATITUDE,GPS_LATITUDE,,GPS_LATITUDE,,,,DEF,Unknown
GPS_LATITUDE_REF,GPS_LATITUDE_REF,,GPS_LATITUDE_REF,,,,GHI,Unknown
GPS_LONGITUDE,GPS_LONGITUDE,,GPS_LONGITUDE,,,,ABC,Unknown
GPS_LONGITUDE_REF,GPS_LONGITUDE_REF,,GPS_LONGITUDE_REF,,,,DEF,Unknown
GPS_MEASURE_MODE,GPS_MEASURE_MODE,,GPS_MEASURE_MODE,,,,GHI,Unknown
GPS_PROCESSING_METHOD,GPS_PROCESSING_METHOD,,GPS_PROCESSING_METHOD,,,,ABC,Unknown
GPS_SPEED,GPS_SPEED,,GPS_SPEED,,,,DEF,Unknown
GPS_SPEED_REF,GPS_SPEED_REF,,GPS_SPEED_REF,,,,GHI,Unknown
GPS_TIMESTAMP,GPS_TIMESTAMP,,GPS_TIMESTAMP,,,,ABC,Unknown
GPS_VERSION_ID,GPS_VERSION_ID,,GPS_VERSION_ID,,,,DEF,Unknown
Has Attachment,HASATTACHMENT,,Has Attachment,,,,ABC,Unknown
HEADINGPAIRS,HEADINGPAIRS,,HEADINGPAIRS,,,,DEF,Unknown
HEIGHT,HEIGHT,,HEIGHT,,,,GHI,Unknown
HEIGHT__PIXELS_,HEIGHT__PIXELS_,,HEIGHT__PIXELS_,,,,ABC,Unknown
HIDDENCOUNT,HIDDENCOUNT,,HIDDENCOUNT,,,,DEF,Unknown
HLINKS,HLINKS,,HLINKS,,,,GHI,Unknown
HORIZONTAL_RESOLUTION,HORIZONTAL_RESOLUTION,,HORIZONTAL_RESOLUTION,,,,ABC,Unknown
HYPERLINKBASE,HYPERLINKBASE,,HYPERLINKBASE,,,,DEF,Unknown
HYPERLINKS,HYPERLINKS,,HYPERLINKS,,,,GHI,Unknown
HYPERLINKSCHANGED,HYPERLINKSCHANGED,,HYPERLINKSCHANGED,,,,ABC,Unknown
IMAGE_SIZE,IMAGE_SIZE,,IMAGE_SIZE,,,,DEF,Unknown
IMCLASS,IMCLASS,,IMCLASS,,,,ABC,Unknown
IMDOCUMENTNUMBER,IMDOCUMENTNUMBER,,IMDOCUMENTNUMBER,,,,DEF,Unknown
Import Empty,IMPORTEMPTY,,Import Empty,,,,GHI,Unknown
Import Error Code,IMPORTERRORCODE,,Import Error Code,,,,ABC,Unknown
IMPORTINVALIDUTF8BYTES,IMPORTINVALIDUTF8BYTES,,IMPORTINVALIDUTF8BYTES,,,,DEF,Unknown
IMPORTORIGINALENCODING,IMPORTORIGINALENCODING,,IMPORTORIGINALENCODING,,,,GHI,Unknown
IMPORTVERSION,IMPORTVERSION,,IMPORTVERSION,,,,ABC,Unknown
IMTYPE,IMTYPE,,IMTYPE,,,,DEF,Unknown
IMVERSIONNUMBER,IMVERSIONNUMBER,,IMVERSIONNUMBER,,,,GHI,Unknown
Information Flag,INFOFLAG,,Information Flag,,,,ABC,Unknown
INTERNETMESSAGEID,INTERNETMESSAGEID,,INTERNETMESSAGEID,,,,DEF,Unknown
INTEROPERABILITY_INDEX,INTEROPERABILITY_INDEX,,INTEROPERABILITY_INDEX,,,,ABC,Unknown
INTEROPERABILITY_VERSION,INTEROPERABILITY_VERSION,,INTEROPERABILITY_VERSION,,,,DEF,Unknown
INTROSPECT_HISTORY_EVENT,INTROSPECT_HISTORY_EVENT,,INTROSPECT_HISTORY_EVENT,,,,GHI,Unknown
INTROSPECT_RELEASED,INTROSPECT_RELEASED,,INTROSPECT_RELEASED,,,,ABC,Unknown
INTROSPECT_RELEASED_DATE,INTROSPECT_RELEASED_DATE,,INTROSPECT_RELEASED_DATE,,,,DEF,Unknown
IS_ARCHIVE,IS_ARCHIVE,,IS_ARCHIVE,,,,GHI,Unknown
ISFILEFILTERABLE,ISFILEFILTERABLE,,ISFILEFILTERABLE,,,,ABC,Unknown
ISO_SPEED_RATINGS,ISO_SPEED_RATINGS,,ISO_SPEED_RATINGS,,,,DEF,Unknown
JIRA-SYSTEM-IMAGE-TYPE,JIRA-SYSTEM-IMAGE-TYPE,,JIRA-SYSTEM-IMAGE-TYPE,,,,GHI,Unknown
JPEG_IF_BYTE_COUNT,JPEG_IF_BYTE_COUNT,,JPEG_IF_BYTE_COUNT,,,,ABC,Unknown
JPEG_IF_OFFSET,JPEG_IF_OFFSET,,JPEG_IF_OFFSET,,,,DEF,Unknown
KEYVIEWVERSION,KEYVIEWVERSION,,KEYVIEWVERSION,,,,ABC,Unknown
Keywords,KEYWORDS,,Keywords,,,,DEF,Unknown
LANGUAGE,LANGUAGE,,LANGUAGE,,,,GHI,Unknown
Last Author,LASTAUTHOR,,Last Author,,,,ABC,Unknown
Last Printed,LASTPRINTED,,Last Printed,,,,DEF,Unknown
AppModifiedUtc,LASTSAVE_DTM,,AppModifiedUtc,,,,GHI,Unknown
LASTSAVED,LASTSAVED,,LASTSAVED,,,,ABC,Unknown
LEXMACHINAISRUNNING,LEXMACHINAISRUNNING,,LEXMACHINAISRUNNING,,,,DEF,Unknown
Line Count,LINECOUNT,,Line Count,,,,GHI,Unknown
Links Dirty,LINKSDIRTY,,Links Dirty,,,,ABC,Unknown
LINKSUPTODATE,LINKSUPTODATE,,LINKSUPTODATE,,,,DEF,Unknown
LOCATION_MATCH,LOCATION_MATCH,,LOCATION_MATCH,,,,ABC,Unknown
LOOSE_MAIL_TYPE,LOOSE_MAIL_TYPE,,LOOSE_MAIL_TYPE,,,,DEF,Unknown
Mail,MAIL,,Mail,,,,GHI,Unknown
MAIL_MSG_ID1,MAIL_MSG_ID1,,MAIL_MSG_ID1,,,,ABC,Unknown
MAIL_MSG_ID2,MAIL_MSG_ID2,,MAIL_MSG_ID2,,,,DEF,Unknown
MAKE,MAKE,,MAKE,,,,GHI,Unknown
Manager,MANAGER,,Manager,,,,ABC,Unknown
InternetMessageID,MAPIENTRYID,,InternetMessageID,,,,DEF,Unknown
MAPI Path,MAPIPATH,,MAPI Path,,,,GHI,Unknown
MATTERNO,MATTERNO,,MATTERNO,,,,ABC,Unknown
MAX_APERTURE_VALUE,MAX_APERTURE_VALUE,,MAX_APERTURE_VALUE,,,,DEF,Unknown
MESSAGEID,MESSAGEID,,MESSAGEID,,,,ABC,Unknown
METERING_MODE,METERING_MODE,,METERING_MODE,,,,DEF,Unknown
MICROSOFT_THEME,MICROSOFT_THEME,,MICROSOFT_THEME,,,,GHI,Unknown
MICROSYSTEMSCOMPARISON,MICROSYSTEMSCOMPARISON,,MICROSYSTEMSCOMPARISON,,,,ABC,Unknown
MMCLIPS,MMCLIPS,,MMCLIPS,,,,DEF,Unknown
MODEL,MODEL,,MODEL,,,,GHI,Unknown
NativeRelativePath,NativeRelativePath,,NativeRelativePath,,,,ABC,Unknown
NOTECOUNT,NOTECOUNT,,NOTECOUNT,,,,DEF,Unknown
ORDER,ORDER,,ORDER,,,,GHI,Unknown
ORIENTATION,ORIENTATION,,ORIENTATION,,,,ABC,Unknown
ORIGINATOR,ORIGINATOR,,ORIGINATOR,,,,DEF,Unknown
PAGINATION_OFFSETS,PAGINATION_OFFSETS,,PAGINATION_OFFSETS,,,,ABC,Unknown
Paragraph Count,PARCOUNT,,Paragraph Count,,,,DEF,Unknown
PARENT_FILEMODIFIEDTIME,PARENT_FILEMODIFIEDTIME,,PARENT_FILEMODIFIEDTIME,,,,GHI,Unknown
PARENT_FROM,PARENT_FROM,,PARENT_FROM,,,,ABC,Unknown
PARENT_SENT,PARENT_SENT,,PARENT_SENT,,,,DEF,Unknown
PARENT_SUBJECT,PARENT_SUBJECT,,PARENT_SUBJECT,,,,GHI,Unknown
Parent Index,PARENTINDEX,,Parent Index,,,,ABC,Unknown
PARTNERNUMBER,PARTNERNUMBER,,PARTNERNUMBER,,,,DEF,Unknown
PCDOCSNO,PCDOCSNO,,PCDOCSNO,,,,GHI,Unknown
PINGDOCUMENTID,PINGDOCUMENTID,,PINGDOCUMENTID,,,,ABC,Unknown
PR_ATTACH_LONG_FILENAME,PR_ATTACH_LONG_FILENAME,,PR_ATTACH_LONG_FILENAME,,,,DEF,Unknown
ConversationIndex,PR_CONVERSATION_INDEX,,ConversationIndex,,,,ABC,Unknown
Conversation Topic,PR_CONVERSATION_TOPIC,,Conversation Topic,,,,DEF,Unknown
Display BCC,PR_DISPLAY_BCC,,Display BCC,,,,GHI,Unknown
Display CC,PR_DISPLAY_CC,,Display CC,,,,ABC,Unknown
PR_DISPLAY_NAME,PR_DISPLAY_NAME,,PR_DISPLAY_NAME,,,,DEF,Unknown
Display To,PR_DISPLAY_TO,,Display To,,,,GHI,Unknown
PR_END_DATE,PR_END_DATE,,PR_END_DATE,,,,ABC,Unknown
PR_FLAG_STATUS,PR_FLAG_STATUS,,PR_FLAG_STATUS,,,,DEF,Unknown
Importance,PR_IMPORTANCE,,Importance,,,,GHI,Unknown
Internet Message ID,PR_INTERNET_MESSAGE_ID,,Internet Message ID,,,,ABC,Unknown
Time Message Delivered,PR_MESSAGE_DELIVERY_TIME,,Time Message Delivered,,,,DEF,Unknown
Sent Representing Name,PR_SENT_REPRESENTING_NAME,,Sent Representing Name,,,,ABC,Unknown
PR_START_DATE,PR_START_DATE,,PR_START_DATE,,,,DEF,Unknown
PR_SUBJECT,PR_SUBJECT,,PR_SUBJECT,,,,GHI,Unknown
InternetHeaders,PR_TRANSPORT_MESSAGE_HEADERS_W,,InternetHeaders,,,,ABC,Unknown
PRAGMA,PRAGMA,,PRAGMA,,,,DEF,Unknown
PRESENTATIONTARGET,PRESENTATIONTARGET,,PRESENTATIONTARGET,,,,GHI,Unknown
Priority,PRIORITY,,Priority,,,,ABC,Unknown
PROCESSINGERRORCODE,PROCESSINGERRORCODE,,PROCESSINGERRORCODE,,,,DEF,Unknown
ProcessingErrorDescription,PROCESSINGERRORDESCRIPTION,,ProcessingErrorDescription,,,,GHI,Unknown
PROGID,PROGID,,PROGID,,,,ABC,Unknown
PROJECTCODE,PROJECTCODE,,PROJECTCODE,,,,DEF,Unknown
READTEMPLATESETTINGSXML,READTEMPLATESETTINGSXML,,READTEMPLATESETTINGSXML,,,,ABC,Unknown
RECIPIENT_LIST,RECIPIENT_LIST,,RECIPIENT_LIST,,,,DEF,Unknown
RESOLUTION_UNIT,RESOLUTION_UNIT,,RESOLUTION_UNIT,,,,GHI,Unknown
RESPONSE_SENDER_NAME,RESPONSE_SENDER_NAME,,RESPONSE_SENDER_NAME,,,,ABC,Unknown
Revision Number,REVNUMBER,,Revision Number,,,,DEF,Unknown
ROBOTS,ROBOTS,,ROBOTS,,,,GHI,Unknown
SAMPLE_RATE,SAMPLE_RATE,,SAMPLE_RATE,,,,ABC,Unknown
SAMPLE_SIZE,SAMPLE_SIZE,,SAMPLE_SIZE,,,,DEF,Unknown
Scale Crop,SCALECROP,,Scale Crop,,,,GHI,Unknown
SCENE_TYPE,SCENE_TYPE,,SCENE_TYPE,,,,ABC,Unknown
Security,SECURITY,,Security,,,,DEF,Unknown
SENSING_METHOD,SENSING_METHOD,,SENSING_METHOD,,,,ABC,Unknown
Date Sent,SENT,,Date Sent,,,,DEF,Unknown
Time Sent,SENTTIME,,Time Sent,,,,GHI,Unknown
SHAREDDOC,SHAREDDOC,,SHAREDDOC,,,,ABC,Unknown
SHAREDOC,SHAREDOC,,SHAREDOC,,,,DEF,Unknown
SHUTTER_SPEED_VALUE,SHUTTER_SPEED_VALUE,,SHUTTER_SPEED_VALUE,,,,GHI,Unknown
SL_DOCUMENT_DESCRIPTION_MATCH,SL_DOCUMENT_DESCRIPTION_MATCH,,SL_DOCUMENT_DESCRIPTION_MATCH,,,,ABC,Unknown
SL_ENTERED_BY_MATCH,SL_ENTERED_BY_MATCH,,SL_ENTERED_BY_MATCH,,,,DEF,Unknown
SL_PROJECT_CODE_MATCH,SL_PROJECT_CODE_MATCH,,SL_PROJECT_CODE_MATCH,,,,GHI,Unknown
SL_TITLE,SL_TITLE,,SL_TITLE,,,,ABC,Unknown
SLIDECOUNT,SLIDECOUNT,,SLIDECOUNT,,,,DEF,Unknown
SOFTWARE,SOFTWARE,,SOFTWARE,,,,ABC,Unknown
Statuses,Statuses,,Statuses,,,,DEF,Unknown
Subfile Index,SUBFILEINDEX,,Subfile Index,,,,GHI,Unknown
SUBFILEINDEXCSV,SUBFILEINDEXCSV,,SUBFILEINDEXCSV,,,,ABC,Unknown
Subfile Type,SUBFILETYPE,,Subfile Type,,,,DEF,Unknown
TAXCATCHALL,TAXCATCHALL,,TAXCATCHALL,,,,GHI,Unknown
TEMPAUTHORNAME,TEMPAUTHORNAME,,TEMPAUTHORNAME,,,,ABC,Unknown
TEMPDMSDOCNAME,TEMPDMSDOCNAME,,TEMPDMSDOCNAME,,,,DEF,Unknown
TEMPEXTRACTIONFILENAME,TEMPEXTRACTIONFILENAME,,TEMPEXTRACTIONFILENAME,,,,GHI,Unknown
Template,TEMPLATE,,Template,,,,ABC,Unknown
TEMPPCDOCSDOCNAME,TEMPPCDOCSDOCNAME,,TEMPPCDOCSDOCNAME,,,,DEF,Unknown
TERMID,TERMID,,TERMID,,,,ABC,Unknown
TERMNAME,TERMNAME,,TERMNAME,,,,DEF,Unknown
TEXTEXPECTED,TEXTEXPECTED,,TEXTEXPECTED,,,,GHI,Unknown
TextRelativePath,TextRelativePath,,TextRelativePath,,,,ABC,Unknown
TIFFING_SIZE,TIFFING_SIZE,,TIFFING_SIZE,,,,DEF,Unknown
TIFFING_SLIPSHEET_REASON_PARAMETRIC,TIFFING_SLIPSHEET_REASON_PARAMETRIC,,TIFFING_SLIPSHEET_REASON_PARAMETRIC,,,,GHI,Unknown
Title,TITLE,,Title,,,,ABC,Unknown
TITLESOFPARTS,TITLESOFPARTS,,TITLESOFPARTS,,,,DEF,Unknown
TOPHASALREADYBEENMANUALLYCHANGED,TOPHASALREADYBEENMANUALLYCHANGED,,TOPHASALREADYBEENMANUALLYCHANGED,,,,GHI,Unknown
TRAPPED,TRAPPED,,TRAPPED,,,,ABC,Unknown
URL,URL,,URL,,,,DEF,Unknown
VENUE,VENUE,,VENUE,,,,ABC,Unknown
VERSION,VERSION,,VERSION,,,,DEF,Unknown
Version Number,VERSIONNUMBER,,Version Number,,,,GHI,Unknown
VERTICAL_RESOLUTION,VERTICAL_RESOLUTION,,VERTICAL_RESOLUTION,,,,ABC,Unknown
VIEWPORT,VIEWPORT,,VIEWPORT,,,,DEF,Unknown
VIRTUAL_PATH_SEGMENT_2,VIRTUAL_PATH_SEGMENT_2,,VIRTUAL_PATH_SEGMENT_2,,,,GHI,Unknown
VIRTUAL_PATH_SEGMENT_3,VIRTUAL_PATH_SEGMENT_3,,VIRTUAL_PATH_SEGMENT_3,,,,ABC,Unknown
VIRTUAL_PATH_SEGMENT_4,VIRTUAL_PATH_SEGMENT_4,,VIRTUAL_PATH_SEGMENT_4,,,,DEF,Unknown
VIRTUAL_PATH_SEGMENT_5,VIRTUAL_PATH_SEGMENT_5,,VIRTUAL_PATH_SEGMENT_5,,,,GHI,Unknown
VIRTUAL_PATH_SEGMENT_6,VIRTUAL_PATH_SEGMENT_6,,VIRTUAL_PATH_SEGMENT_6,,,,ABC,Unknown
VIRTUAL_PATH_SEGMENT_7,VIRTUAL_PATH_SEGMENT_7,,VIRTUAL_PATH_SEGMENT_7,,,,DEF,Unknown
VIRTUAL_PATH_SEGMENT_8,VIRTUAL_PATH_SEGMENT_8,,VIRTUAL_PATH_SEGMENT_8,,,,ABC,Unknown
VIRTUAL_PATH_SEGMENT_9,VIRTUAL_PATH_SEGMENT_9,,VIRTUAL_PATH_SEGMENT_9,,,,DEF,Unknown
Virtual Path,VIRTUALPATH,,Virtual Path,,,,GHI,Unknown
VOLTAGEZFRTYPE,VOLTAGEZFRTYPE,,VOLTAGEZFRTYPE,,,,ABC,Unknown
VOLTAGEZFRVERSION,VOLTAGEZFRVERSION,,VOLTAGEZFRVERSION,,,,DEF,Unknown
WIDTH,WIDTH,,WIDTH,,,,GHI,Unknown
WIDTH__PIXELS_,WIDTH__PIXELS_,,WIDTH__PIXELS_,,,,ABC,Unknown
Word Count,WORDCOUNT,,Word Count,,,,DEF,Unknown
WS_TRACKING_ID,WS_TRACKING_ID,,WS_TRACKING_ID,,,,GHI,Unknown
XD_SIGNATURE,XD_SIGNATURE,,XD_SIGNATURE,,,,ABC,Unknown
XML_COM.ADOBE.XMP,XML_COM.ADOBE.XMP,,XML_COM.ADOBE.XMP,,,,DEF,Unknown
X-UA-COMPATIBLE,X-UA-COMPATIBLE,,X-UA-COMPATIBLE,,,,ABC,Unknown
YCBCR_POSITIONING,YCBCR_POSITIONING,,YCBCR_POSITIONING,,,,DEF,Unknown
